nike,california,lmaooo nike store just kicked me out said i m buying too much    
nike,california,we tried to capture that neon glow     nike los angeles https   t co ybkghencww
nike,california,white t s and nike cortez https   t co eyuohvh v 
nike,california,i m wearing a nike raincoat and new balance sneakers and it s really bothering me  anyone else suffer from this disease of never wearing sneakers that don t match apparel   firstworldproblems  sneakerhead
nike,california,next year i am working for adidas or nike  i said it i meant it
nike,california,ran      miles with nike  run club  rainy day runnin    whee  comebacktour  bosschickrunningcrew  avasradiancefitness  nrc https   t co  fabkl myp
nike,california,over   hours later  amp  still getting unnecessary notifications confirming what i ve known for over   hours now  appsnkrs  nike  disappointed  takingls https   t co n c rbttxw
nike,california, mikeyd         me  too  i need a new s    and the new nike sonic shoes
nike,california, deanwilkinss  trvisxx  nike  snkrs i have the cactus jacks in size     brand new   still in box   looking to trade someone for these travs https   t co sgfxpleviw
nike,california,yo  nike and  nikestore if you guys really want to support  ohsudoernbecher then make more shoes  there is no way these should sell out in    seconds  you could raise millions if you just made these open editions and fulfilled every order 
nike,california,yo  nike and  nikestore if you guys really want to support  ohsudoernbecher then make more shoes  there is no way these should sell out in    seconds  you could raise millions if you just made these open editions and fulfilled every order 
nike,california, social citizen  elvenage i saw you called on nike to join in  i honestly don t think they ll do it  again  no pun intended   why  that s not their brand 
nike,california,goddamn i took a worst l from nike than  brothernature did getting his ass beat      
nike,california,foot locker cross country championships are on  serge is running on his own   so proud of my son    best of luck to the legendary amazing  greatoak runners at  nxn nike cross nationals     https   t co bbsus coa 
nike,california,nike parka      perf
nike,california,something about that nike total    ball hit different     https   t co b mc cu vh
nike,california,air  kareena are you watching  nike  amp   babolat    tennisprozone academy https   t co ud efvzzh 
nike,california,      no time to be timid                       you must be bold and daring                                                                      king  nike  rayban  sofitel  beverlyhills  musicproducer  songs  night  https   t co bize c jwd
nike,california, itsantwright the whites are so clean though   my favorite item from team were the maize nike shorts we only got to wear at walk through
nike,california,sale     reg             usc barkley carr nike gameday jersey  available in s  x                  open m f      sat      sun closed     york blvd la ca         call us                   the thquartershop  losangeles  https   t co  ljjezbstc
nike,california,lmaooo nike store just kicked me out said i m buying too much    
nike,california,we tried to capture that neon glow     nike los angeles https   t co ybkghencww
nike,california,white t s and nike cortez https   t co eyuohvh v 
nike,california,i m wearing a nike raincoat and new balance sneakers and it s really bothering me  anyone else suffer from this disease of never wearing sneakers that don t match apparel   firstworldproblems  sneakerhead
nike,california,next year i am working for adidas or nike  i said it i meant it
nike,california,ran      miles with nike  run club  rainy day runnin    whee  comebacktour  bosschickrunningcrew  avasradiancefitness  nrc https   t co  fabkl myp
nike,california,over   hours later  amp  still getting unnecessary notifications confirming what i ve known for over   hours now  appsnkrs  nike  disappointed  takingls https   t co n c rbttxw
nike,california, mikeyd         me  too  i need a new s    and the new nike sonic shoes
nike,california, deanwilkinss  trvisxx  nike  snkrs i have the cactus jacks in size     brand new   still in box   looking to trade someone for these travs https   t co sgfxpleviw
nike,california,yo  nike and  nikestore if you guys really want to support  ohsudoernbecher then make more shoes  there is no way these should sell out in    seconds  you could raise millions if you just made these open editions and fulfilled every order 
nike,california,yo  nike and  nikestore if you guys really want to support  ohsudoernbecher then make more shoes  there is no way these should sell out in    seconds  you could raise millions if you just made these open editions and fulfilled every order 
nike,california, social citizen  elvenage i saw you called on nike to join in  i honestly don t think they ll do it  again  no pun intended   why  that s not their brand 
nike,california,goddamn i took a worst l from nike than  brothernature did getting his ass beat      
nike,california,foot locker cross country championships are on  serge is running on his own   so proud of my son    best of luck to the legendary amazing  greatoak runners at  nxn nike cross nationals     https   t co bbsus coa 
nike,california,nike parka      perf
nike,california,something about that nike total    ball hit different     https   t co b mc cu vh
nike,california,air  kareena are you watching  nike  amp   babolat    tennisprozone academy https   t co ud efvzzh 
nike,california,      no time to be timid                       you must be bold and daring                                                                      king  nike  rayban  sofitel  beverlyhills  musicproducer  songs  night  https   t co bize c jwd
nike,california, itsantwright the whites are so clean though   my favorite item from team were the maize nike shorts we only got to wear at walk through
nike,california,sale     reg             usc barkley carr nike gameday jersey  available in s  x                  open m f      sat      sun closed     york blvd la ca         call us                   the thquartershop  losangeles  https   t co  ljjezbstc
